CFD-WF-001-003-N.jpg,1,y,Head1
CFD-WF-002-004-N.jpg,2,y,Head2
CFD-WF-003-003-N.jpg,3,y,Head3
CFD-WF-005-010-N.jpg,4,y,Head4
CFD-WF-006-002-N.jpg,5,y,Head5
CFD-WF-007-001-N.jpg,6,y,Head6
CFD-WF-008-002-N.jpg,7,y,Head7
CFD-WF-009-001-N.jpg,8,y,Head8
CFD-WF-010-004-N.jpg,9,x,_
CFD-WF-011-002-N.jpg,10,y,Head9
CFD-WF-012-002-N.jpg,11,y,Head10
CFD-WF-013-003-N.jpg,12,y,Head11
CFD-WF-014-002-N.jpg,13,x,_
CFD-WF-015-006-N.jpg,14,y,Head12
CFD-WF-016-015-N.jpg,15,y,Head13
CFD-WF-017-003-N.jpg,16,y,Head14
CFD-WF-018-017-N.jpg,17,x,_
CFD-WF-019-005-N.jpg,18,y,Head15
CFD-WF-020-002-N.jpg,19,y,Head16
CFD-WF-021-002-N.jpg,20,y,Head17
CFD-WF-022-017-N.jpg,21,y,Head18
CFD-WF-023-003-N.jpg,22,y,Head19
CFD-WF-024-003-N.jpg,23,y,Head20
CFD-WF-025-019-N.jpg,24,y,Head21
CFD-WF-026-002-N.jpg,25,y,Head22
CFD-WF-027-003-N.jpg,26,y,Head23
CFD-WF-028-023-N.jpg,27,y,Head24
CFD-WF-029-002-N.jpg,28,y,Head25
CFD-WF-030-002-N.jpg,29,y,Head26
CFD-WF-031-027-N.jpg,30,y,Head27
CFD-WF-033-002-N.jpg,31,y,Head28
CFD-WF-034-006-N.jpg,32,y,Head29
CFD-WF-035-024-N.jpg,33,y,Head30
CFD-WF-036-023-N.jpg,34,y,Head31
CFD-WF-037-029-N.jpg,35,y,Head32
CFD-WF-038-021-N.jpg,36,y,Head33
CFD-WF-039-025-N.jpg,37,x,_
CFD-WF-200-099-N.jpg,38,x,_
CFD-WF-201-156-N.jpg,39,y,Head34
CFD-WF-202-056-N.jpg,40,y,Head35
CFD-WF-203-229-N.jpg,41,y,Head36
CFD-WF-204-038-N.jpg,42,y,Head37
CFD-WF-205-006-N.jpg,43,y,Head38
CFD-WF-206-147-N.jpg,44,y,Head39
CFD-WF-207-014-N.jpg,45,y,Head40
CFD-WF-208-068-N.jpg,46,y,Head41
CFD-WF-209-052-N.jpg,47,y,Head42
CFD-WF-210-086-N.jpg,48,x,_
CFD-WF-211-001-N.jpg,49,x,_
CFD-WF-212-050-N.jpg,50,x,_
CFD-WF-213-031-N.jpg,51,x,_
CFD-WF-214-122-N.jpg,52,y,Head43
CFD-WF-215-145-N.jpg,53,y,Head44
CFD-WF-216-079-N.jpg,54,y,Head45
CFD-WF-217-085-N.jpg,55,y,Head46
CFD-WF-218-087-N.jpg,56,y,Head47
CFD-WF-219-038-N.jpg,57,x,_
CFD-WF-220-101-N.jpg,58,y,Head48
CFD-WF-221-005-N.jpg,59,y,Head49
CFD-WF-222-092-N.jpg,60,y,Head50
CFD-WF-223-133-N.jpg,61,x,_
CFD-WF-224-099-N.jpg,62,y,_
CFD-WF-225-101-N.jpg,63,y,_
CFD-WF-226-095-N.jpg,64,y,_
CFD-WF-227-002-N.jpg,65,y,_
CFD-WF-228-196-N.jpg,66,y,_
CFD-WF-229-004-N.jpg,67,y,_
CFD-WF-230-158-N.jpg,68,y,_
CFD-WF-231-099-N.jpg,69,y,_
CFD-WF-232-161-N.jpg,70,y,_
CFD-WF-233-112-N.jpg,71,y,_
CFD-WF-234-086-N.jpg,72,y,_
CFD-WF-235-121-N.jpg,73,x,_
CFD-WF-236-107-N.jpg,74,y,_
CFD-WF-237-067-N.jpg,75,y,_
CFD-WF-238-023-N.jpg,76,y,_
CFD-WF-239-155-N.jpg,77,y,_
CFD-WF-240-083-N.jpg,78,y,_
CFD-WF-241-210-N.jpg,79,x,_
CFD-WF-242-001-N.jpg,80,y,_
CFD-WF-243-148-N.jpg,81,x,_
CFD-WF-244-163-N.jpg,82,y,_
CFD-WF-245-084-N.jpg,83,y,_
CFD-WF-246-087-N.jpg,84,y,_
CFD-WF-247-065-N.jpg,85,y,_
CFD-WF-248-129-N.jpg,86,y,_
CFD-WF-249-126-N.jpg,87,y,_
CFD-WF-250-167-N.jpg,88,y,_
CFD-WF-251-014-N.jpg,89,y,_
CFD-WF-252-159-N.jpg,90,y,_
CFD-WM-001-014-N.jpg,91,y,Head51
CFD-WM-002-009-N.jpg,92,x,_
CFD-WM-003-002-N.jpg,93,y,Head52
CFD-WM-004-010-N.jpg,94,x,_
CFD-WM-006-002-N.jpg,95,y,Head53
CFD-WM-009-002-N.jpg,96,y,Head54
CFD-WM-010-001-N.jpg,97,y,Head55
CFD-WM-011-002-N.jpg,98,y,Head56
CFD-WM-012-001-N.jpg,99,y,Head57
CFD-WM-013-001-N.jpg,100,y,Head58
CFD-WM-014-002-N.jpg,101,y,Head59
CFD-WM-015-002-N.jpg,102,x,_
CFD-WM-016-001-N.jpg,103,x,_
CFD-WM-017-002-N.jpg,104,y,Head60
CFD-WM-018-002-N.jpg,105,y,Head61
CFD-WM-019-003-N.jpg,106,x,_
CFD-WM-020-001-N.jpg,107,y,Head62
CFD-WM-021-001-N.jpg,108,x,_
CFD-WM-022-001-N.jpg,109,y,Head63
CFD-WM-023-001-N.jpg,110,y,Head64
CFD-WM-024-015-N.jpg,111,y,Head65
CFD-WM-025-002-N.jpg,112,y,Head66
CFD-WM-026-001-N.jpg,113,x,_
CFD-WM-028-003-N.jpg,114,y,Head67
CFD-WM-029-023-N.jpg,115,y,Head68
CFD-WM-031-003-N.jpg,116,y,Head69
CFD-WM-032-001-N.jpg,117,x,_
CFD-WM-033-025-N.jpg,118,x,_
CFD-WM-034-030-N.jpg,119,y,Head70
CFD-WM-035-032-N.jpg,120,y,Head71
CFD-WM-036-031-N.jpg,121,x,_
CFD-WM-037-025-N.jpg,122,x,_
CFD-WM-038-003-N.jpg,123,y,Head72
CFD-WM-039-018-N.jpg,124,x,_
CFD-WM-040-022-N.jpg,125,x,_
CFD-WM-041-021-N.jpg,126,y,Head73
CFD-WM-200-034-N.jpg,127,y,Head74
CFD-WM-201-063-N.jpg,128,y,Head75
CFD-WM-202-107-N.jpg,129,y,Head76
CFD-WM-203-023-N.jpg,130,y,Head77
CFD-WM-204-031-N.jpg,131,y,Head78
CFD-WM-205-007-N.jpg,132,y,Head79
CFD-WM-206-045-N.jpg,133,x,_
CFD-WM-207-048-N.jpg,134,y,Head80
CFD-WM-208-068-N.jpg,135,y,Head81
CFD-WM-209-038-N.jpg,136,x,_
CFD-WM-210-057-N.jpg,137,x,_
CFD-WM-211-054-N.jpg,138,y,Head82
CFD-WM-212-097-N.jpg,139,y,Head83
CFD-WM-213-076-N.jpg,140,y,Head84
CFD-WM-214-026-N.jpg,141,y,Head85
CFD-WM-215-041-N.jpg,142,x,_
CFD-WM-216-061-N.jpg,143,y,Head86
CFD-WM-217-070-N.jpg,144,y,Head87
CFD-WM-218-074-N.jpg,145,y,Head88
CFD-WM-219-008-N.jpg,146,x,_
CFD-WM-220-068-N.jpg,147,y,Head89
CFD-WM-221-091-N.jpg,148,x,_
CFD-WM-222-057-N.jpg,149,y,Head90
CFD-WM-223-056-N.jpg,150,y,Head91
CFD-WM-224-197-N.jpg,151,y,Head92
CFD-WM-225-127-N.jpg,152,y,Head93
CFD-WM-227-099-N.jpg,153,y,Head94
CFD-WM-228-065-N.jpg,154,y,Head95
CFD-WM-229-129-N.jpg,155,y,Head96
CFD-WM-230-131-N.jpg,156,y,Head97
CFD-WM-231-112-N.jpg,157,y,Head98
CFD-WM-232-070-N.jpg,158,y,Head99
CFD-WM-233-106-N.jpg,159,y,Head100
CFD-WM-234-118-N.jpg,160,x,_
CFD-WM-235-147-N.jpg,161,x,_
CFD-WM-236-072-N.jpg,162,x,_
CFD-WM-237-052-N.jpg,163,x,_
CFD-WM-238-020-N.jpg,164,y,_
CFD-WM-239-128-N.jpg,165,x,_
CFD-WM-240-125-N.jpg,166,y,_
CFD-WM-241-072-N.jpg,167,y,_
CFD-WM-242-011-N.jpg,168,y,_
CFD-WM-243-107-N.jpg,169,x,_
CFD-WM-244-003-N.jpg,170,y,_
CFD-WM-245-123-N.jpg,171,y,_
CFD-WM-247-084-N.jpg,172,y,_
CFD-WM-248-036-N.jpg,173,y,_
CFD-WM-249-239-N.jpg,174,y,_
CFD-WM-250-157-N.jpg,175,y,_
CFD-WM-251-002-N.jpg,176,x,_
CFD-WM-252-224-N.jpg,177,y,_
CFD-WM-253-119-N.jpg,178,x,_
CFD-WM-254-152-N.jpg,179,y,_
CFD-WM-255-219-N.jpg,180,x,_
CFD-WM-256-138-N.jpg,181,y,_
CFD-WM-257-161-N.jpg,182,y,_
CFD-WM-258-125-N.jpg,183,y,_
